{"stat.chestOpened":2,"stat.cakeSlicesEaten":2,"stat.walkOneCm":47624,"stat.pickup.minecraft.bone":1,"stat.useItem.minecraft.sapling":3,"stat.craftItem.minecraft.planks":20,"stat.pickup.minecraft.wooden_axe":1,"stat.pickup.minecraft.wooden_pickaxe":1,"stat.damageTaken":635,"stat.pickup.minecraft.stonebrick":2,"stat.mobKills":1,"stat.mineBlock.minecraft.log":7,"stat.killEntity.vampirism.vampire":1,"stat.pickup.minecraft.planks":17,"stat.pickup.minecraft.log":11,"stat.pickup.minecraft.string":2,"stat.flyOneCm":4901,"stat.useItem.minecraft.cooked_fish":1,"stat.deaths":2,"stat.mineBlock.minecraft.leaves":4,"stat.swimOneCm":170,"stat.jump":95,"stat.playOneMinute":11442,"stat.fallOneCm":3725,"stat.climbOneCm":370,"stat.sneakTime":10,"stat.entityKilledBy.Skeleton":1,"stat.damageDealt":576,"stat.crouchOneCm":44,"stat.sleepInBed":1,"stat.mineBlock.gravestone.gravestone":2,"stat.timeSinceDeath":582,"stat.pickup.minecraft.sapling":4,"stat.useItem.minecraft.wooden_axe":10,"stat.pickup.minecraft.dirt":3,"stat.sprintOneCm":12969,"stat.useItem.minecraft.stone_slab2":2,"stat.craftItem.minecraft.wooden_pickaxe":1,"stat.mineBlock.minecraft.tallgrass":1,"stat.diveOneCm":2874,"stat.craftItem.minecraft.stick":4,"stat.craftItem.minecraft.wooden_axe":1,"stat.craftingTableInteraction":1}