{"stat.leaveGame":2,"stat.pickup.gravestone.death_info":4,"stat.drop.minecraft.shield":2,"stat.useItem.minecraft.mutton":2,"stat.pickup.minecraft.porkchop":16,"stat.pickup.minecraft.blaze_powder":8,"stat.mineBlock.gravestone.gravestone":5,"stat.drop.minecraft.melon":5,"stat.pickup.minecraft.rotten_flesh":42,"stat.craftItem.minecraft.stone_sword":1,"stat.craftItem.minecraft.iron_shovel":1,"stat.pickup.minecraft.chainmail_chestplate":3,"stat.useItem.minecraft.iron_pickaxe":14,"stat.entityKilledBy.vampirism.vampire":2,"stat.drop.gravestone.death_info":8,"stat.furnaceInteraction":39,"stat.drop.minecraft.gravel":7,"stat.killEntity.ZombieVillager":3,"stat.useItem.minecraft.cooked_mutton":5,"stat.pickup.minecraft.leather_helmet":3,"stat.pickup.minecraft.iron_chestplate":2,"stat.pickup.vampirism.basic_crossbow":1,"stat.pickup.minecraft.potion":9,"stat.deaths":9,"stat.pickup.dawnoftimebuilder.o_yoroi_armor_legs":2,"stat.playOneMinute":194040,"stat.craftItem.minecraft.iron_pickaxe":1,"stat.pickup.minecraft.iron_bars":10,"stat.drop.minecraft.glass_bottle":1,"stat.drop.minecraft.torch":7,"stat.mineBlock.minecraft.tallgrass":167,"stat.craftItem.minecraft.cooked_mutton":17,"stat.chestOpened":77,"stat.useItem.minecraft.stone":3,"stat.pickup.minecraft.iron_sword":3,"stat.pickup.minecraft.arrow":15,"stat.pickup.howlingmoon.potion_wolfsbane":1,"stat.useItem.howlingmoon.potion_wolfsbane":1,"stat.fallOneCm":75784,"stat.drop.minecraft.stone":1,"stat.pickup.minecraft.carrot":85,"stat.drop.minecraft.stone_sword":3,"stat.craftItem.minecraft.iron_ingot":67,"stat.pickup.minecraft.melon":25,"stat.craftingTableInteraction":20,"stat.pickup.minecraft.feather":39,"stat.drop.minecraft.bone":5,"stat.pickup.minecraft.planks":30,"stat.pickup.minecraft.iron_leggings":2,"stat.pickup.minecraft.wheat_seeds":14,"stat.mineBlock.minecraft.gravel":4,"stat.useItem.minecraft.stone_pickaxe":131,"stat.useItem.minecraft.stone_sword":62,"stat.craftItem.minecraft.iron_leggings":1,"stat.mineBlock.minecraft.dirt":10,"stat.useItem.minecraft.torch":9,"stat.pickup.minecraft.golden_apple":2,"stat.drop.minecraft.rotten_flesh":27,"stat.pickup.minecraft.crafting_table":2,"stat.useItem.minecraft.cobblestone":58,"stat.craftItem.minecraft.crafting_table":2,"stat.mineBlock.minecraft.double_plant":3,"stat.pickup.minecraft.log":78,"stat.pickup.dawnoftimebuilder.o_yoroi_armor_chest":3,"stat.drop.minecraft.stonebrick":4,"stat.pickup.minecraft.iron_pickaxe":7,"stat.craftItem.minecraft.gold_ingot":10,"stat.drop.minecraft.planks":24,"stat.pickup.minecraft.chicken":14,"stat.pickup.minecraft.chainmail_leggings":3,"stat.killEntity.vampirism.advanced_vampire":1,"stat.craftItem.minecraft.planks":116,"stat.useItem.minecraft.iron_sword":414,"stat.pickup.minecraft.stone_sword":2,"stat.mineBlock.minecraft.log":26,"stat.drop.minecraft.leather_leggings":1,"stat.sneakTime":8,"stat.pickup.minecraft.wool":18,"stat.pickup.minecraft.cooked_fish":1,"stat.drop.minecraft.yellow_flower":1,"stat.pickup.minecraft.yellow_flower":1,"stat.pickup.minecraft.bone":8,"stat.mineBlock.minecraft.cobblestone":8,"stat.pickup.minecraft.stone_pickaxe":1,"stat.mineBlock.minecraft.yellow_flower":1,"stat.drop.minecraft.leather_helmet":2,"stat.pickup.minecraft.leather_chestplate":8,"stat.swimOneCm":21282,"stat.climbOneCm":5361,"stat.pickup.minecraft.enchanted_book":2,"stat.pickup.minecraft.cooked_porkchop":11,"stat.pickup.vampirism.blood_bottle":1,"stat.useItem.minecraft.cookie":2,"stat.useItem.minecraft.dirt":1,"stat.useItem.minecraft.stone_slab2":14,"stat.pickup.minecraft.bow":2,"stat.pickup.minecraft.iron_boots":3,"stat.pickup.minecraft.cobblestone":103,"stat.flyOneCm":434039,"stat.pickup.minecraft.glass_bottle":10,"stat.drop.minecraft.wheat_seeds":14,"stat.pickup.dawnoftimebuilder.o_yoroi_armor_feet":1,"stat.drop.minecraft.chainmail_chestplate":2,"stat.mineBlock.minecraft.iron_ore":22,"stat.timeSinceDeath":32106,"stat.drop.minecraft.log":9,"stat.drop.minecraft.spider_eye":1,"stat.pickup.minecraft.mutton":29,"stat.drop.minecraft.iron_bars":6,"stat.pickup.minecraft.chainmail_helmet":5,"stat.pickup.minecraft.stonebrick":138,"stat.drop.minecraft.dirt":1,"stat.useItem.minecraft.cooked_porkchop":13,"stat.pickup.minecraft.iron_shovel":4,"stat.mineBlock.minecraft.coal_ore":58,"stat.pickup.dawnoftimebuilder.o_yoroi_armor_head":3,"stat.pickup.minecraft.shield":5,"stat.pickup.minecraft.wooden_sword":3,"stat.pickup.minecraft.string":6,"stat.entityKilledBy.Skeleton":2,"stat.sprintOneCm":208350,"stat.pickup.minecraft.paper":1,"stat.pickup.vampirism.vampire_blood_bottle":15,"stat.craftItem.minecraft.stick":56,"stat.mineBlock.minecraft.crafting_table":1,"stat.useItem.minecraft.carrot":16,"stat.pickup.minecraft.golden_horse_armor":2,"stat.pickup.minecraft.leather_leggings":5,"stat.pickup.dawnoftimebuilder.tachi_sword":1,"stat.drop":69,"stat.useItem.minecraft.wooden_sword":52,"stat.killEntity.Sheep":18,"stat.killEntity.Zombie":10,"stat.diveOneCm":18258,"stat.pickup.minecraft.wheat":1,"stat.pickup.minecraft.gravel":7,"stat.pickup.vampirism.injection":1,"stat.craftItem.minecraft.cooked_porkchop":31,"stat.pickup.minecraft.stone_axe":5,"stat.useItem.minecraft.apple":2,"stat.pickup.minecraft.stone_brick_stairs":2,"stat.jump":2618,"stat.pickup.minecraft.coal":59,"stat.pickup.minecraft.iron_helmet":2,"stat.useItem.minecraft.stone_axe":16,"stat.pickup.minecraft.gunpowder":15,"stat.drop.minecraft.wooden_sword":1,"stat.pickup.minecraft.spider_eye":4,"stat.pickup.minecraft.dirt":7,"stat.craftItem.minecraft.iron_helmet":1,"stat.pickup.minecraft.iron_ore":23,"stat.boatOneCm":249537,"stat.mineBlock.minecraft.iron_bars":2,"stat.damageTaken":4289,"stat.useItem.dawnoftimebuilder.tachi_sword":14,"stat.mineBlock.minecraft.melon_block":3,"stat.mineBlock.minecraft.torch":2,"stat.entityKilledBy.ZombieVillager":1,"stat.pickup.minecraft.quartz_block":3,"stat.pickup.minecraft.potato":3,"stat.pickup.minecraft.oak_stairs":3,"stat.entityKilledBy.Zombie":3,"stat.damageDealt":7876,"stat.sleepInBed":3,"stat.killEntity.Pig":10,"stat.craftItem.minecraft.iron_sword":1,"stat.pickup.minecraft.boat":1,"stat.walkOneCm":380714,"stat.drop.minecraft.wheat":1,"stat.pickup.minecraft.stick":125,"stat.useItem.minecraft.melon":8,"stat.drop.minecraft.leather_chestplate":4,"stat.pickup.minecraft.stone":6,"stat.craftItem.minecraft.iron_chestplate":1,"stat.drop.minecraft.potato":1,"stat.pickup.minecraft.gold_ingot":13,"stat.killEntity.Skeleton":2,"stat.mineBlock.minecraft.stonebrick":2,"stat.killEntity.Chicken":14,"stat.killEntity.Spider":2,"stat.mobKills":56,"stat.useItem.minecraft.boat":1,"stat.mineBlock.minecraft.leaves":6,"stat.pickup.vampirism.stake":1,"stat.pickup.minecraft.torch":205,"stat.pickup.minecraft.spruce_stairs":2,"stat.drop.minecraft.stone_axe":1,"stat.drop.minecraft.arrow":1,"stat.mineBlock.minecraft.stone":42}