{"stat.leaveGame":3,"stat.drop.minecraft.gunpowder":1,"stat.drop.dawnoftimebuilder.o_yoroi_armor_feet":3,"stat.drop.vampirism.injection":1,"stat.killEntity.vampirism.vampire":8,"stat.pickup.gravestone.death_info":4,"stat.useItem.minecraft.planks":29,"stat.drop.minecraft.feather":10,"stat.pickup.minecraft.porkchop":57,"stat.mineBlock.gravestone.gravestone":8,"stat.drop.minecraft.iron_sword":1,"stat.useItem.minecraft.water_bucket":11,"stat.mineBlock.minecraft.stone_brick_stairs":4,"stat.pickup.minecraft.rotten_flesh":70,"stat.pickup.minecraft.sand":13,"stat.craftItem.minecraft.golden_apple":2,"stat.pickup.minecraft.brick_block":1,"stat.craftItem.minecraft.stone_axe":2,"stat.drop.minecraft.brick_block":1,"stat.craftItem.dawnoftimebuilder.o_yoroi_armor_chest":2,"stat.killEntity.Enderman":1,"stat.craftItem.dawnoftimebuilder.o_yoroi_armor_feet":2,"stat.pickup.minecraft.leather_boots":5,"stat.drop.dawnoftimebuilder.tachi_sword":1,"stat.craftItem.minecraft.stone_sword":3,"stat.useItem.minecraft.ender_pearl":1,"stat.pickup.minecraft.chainmail_chestplate":1,"stat.mineBlock.minecraft.sand":13,"stat.craftItem.vampirism.crossbow_arrow":60,"stat.killEntity.Witch":1,"stat.useItem.minecraft.iron_pickaxe":573,"stat.useItem.minecraft.spawn_egg":1,"stat.craftItem.minecraft.wooden_pickaxe":3,"stat.craftItem.minecraft.bed":1,"stat.pickup.minecraft.armor_stand":1,"stat.craftItem.minecraft.glass_pane":16,"stat.drop.gravestone.death_info":13,"stat.mineBlock.minecraft.vine":3,"stat.craftItem.vampirism.weapon_table":1,"stat.furnaceInteraction":69,"stat.killEntity.ZombieVillager":4,"stat.drop.minecraft.red_flower":1,"stat.craftItem.dawnoftimebuilder.o_yoroi_armor_head":2,"stat.pickup.minecraft.beef":14,"stat.pickup.minecraft.furnace":2,"stat.useItem.minecraft.cooked_mutton":29,"stat.drop.howlingmoon.potion_wolfsbane":2,"stat.mineBlock.minecraft.redstone_lamp":1,"stat.pickup.minecraft.leather_helmet":6,"stat.pickup.mca.rose_gold_ore":39,"stat.killEntity.Horse":9,"stat.pickup.vampirism.basic_crossbow":1,"stat.pickup.minecraft.potion":10,"stat.drop.dawnoftimebuilder.o_yoroi_armor_head":2,"stat.useItem.vampirism.basic_crossbow":19,"stat.deaths":11,"stat.pickup.minecraft.egg":8,"stat.pickup.dawnoftimebuilder.o_yoroi_armor_legs":3,"stat.playOneMinute":368400,"stat.drop.minecraft.string":5,"stat.craftItem.minecraft.iron_pickaxe":1,"stat.pickup.minecraft.iron_bars":20,"stat.drop.minecraft.glass_bottle":5,"stat.mineBlock.minecraft.tallgrass":69,"stat.craftItem.minecraft.cooked_mutton":47,"stat.pickup.minecraft.cooked_mutton":91,"stat.chestOpened":115,"stat.recordPlayed":1,"stat.useItem.minecraft.stone":1,"stat.pickup.minecraft.arrow":21,"stat.pickup.minecraft.iron_sword":6,"stat.pickup.howlingmoon.potion_wolfsbane":2,"stat.pickup.minecraft.brick_stairs":2,"stat.drop.minecraft.iron_pickaxe":1,"stat.useItem.minecraft.experience_bottle":5,"stat.fallOneCm":79452,"stat.drop.minecraft.stone":1,"stat.pickup.minecraft.carrot":51,"stat.crouchOneCm":11770,"stat.craftItem.minecraft.chest":2,"stat.craftItem.minecraft.iron_ingot":122,"stat.pickup.minecraft.melon":37,"stat.craftingTableInteraction":47,"stat.pickup.minecraft.feather":10,"stat.drop.minecraft.iron_leggings":280,"stat.drop.minecraft.bone":6,"stat.useItem.minecraft.furnace":2,"stat.craftItem.mca.rose_gold_ingot":17,"stat.craftItem.minecraft.wooden_sword":2,"stat.pickup.minecraft.dye":116,"stat.pickup.minecraft.planks":67,"stat.pickup.minecraft.iron_leggings":282,"stat.craftItem.dawnoftimebuilder.tachi_sword":2,"stat.pickup.minecraft.wheat_seeds":9,"stat.mineBlock.minecraft.gravel":1,"stat.useItem.minecraft.stone_pickaxe":151,"stat.useItem.minecraft.stone_sword":134,"stat.craftItem.minecraft.iron_leggings":1,"stat.mineBlock.minecraft.dirt":7,"stat.pickup.minecraft.chainmail_boots":1,"stat.useItem.minecraft.iron_bars":3,"stat.useItem.minecraft.bread":2,"stat.useItem.minecraft.torch":223,"stat.pickup.minecraft.brewing_stand":3,"stat.drop.minecraft.stone_brick_stairs":560,"stat.craftItem.minecraft.redstone_block":16,"stat.useItem.vampirism.stake":2,"stat.drop.minecraft.porkchop":2,"stat.drop.minecraft.rotten_flesh":1,"stat.pickup.minecraft.crafting_table":2,"stat.useItem.minecraft.cobblestone":60,"stat.craftItem.minecraft.crafting_table":1,"stat.mineBlock.minecraft.double_plant":1,"stat.craftItem.minecraft.boat":2,"stat.pickup.minecraft.redstone_block":6,"stat.pickup.minecraft.log":65,"stat.pickup.dawnoftimebuilder.o_yoroi_armor_chest":3,"stat.useItem.minecraft.cooked_fish":6,"stat.drop.minecraft.chicken":5,"stat.pickup.minecraft.iron_pickaxe":1,"stat.drop.minecraft.carrot":1,"stat.craftItem.minecraft.gold_ingot":18,"stat.drop.minecraft.sapling":11,"stat.pickup.minecraft.chicken":5,"stat.entityKilledBy.vampirism.advanced_vampire":1,"stat.pickup.minecraft.chainmail_leggings":1,"stat.drop.minecraft.brick_stairs":2,"stat.pickup.minecraft.sapling":15,"stat.pickup.minecraft.apple":10,"stat.craftItem.minecraft.bucket":1,"stat.craftItem.minecraft.planks":232,"stat.mineBlock.howlingmoon.hunter_banner":1,"stat.useItem.minecraft.iron_sword":298,"stat.useItem.minecraft.jungle_door":2,"stat.killEntity.WitherSkeleton":1,"stat.pickup.minecraft.stone_sword":3,"stat.pickup.minecraft.book":3,"stat.mineBlock.minecraft.log":56,"stat.pickup.minecraft.red_flower":1,"stat.sneakTime":3963,"stat.pickup.minecraft.wool":64,"stat.pickup.minecraft.cooked_fish":10,"stat.useItem.minecraft.wooden_axe":1,"stat.craftItem.minecraft.jungle_door":3,"stat.cakeSlicesEaten":3,"stat.pickup.minecraft.bone":38,"stat.craftItem.minecraft.jungle_boat":2,"stat.mineBlock.minecraft.cobblestone":4,"stat.pickup.minecraft.stone_pickaxe":4,"stat.drop.vampirism.basic_crossbow":1,"stat.pickup.minecraft.leather_chestplate":8,"stat.swimOneCm":98137,"stat.climbOneCm":11763,"stat.pickup.minecraft.enchanted_book":22,"stat.craftItem.vampirism.stake":1,"stat.pickup.minecraft.cooked_porkchop":42,"stat.useItem.minecraft.dirt":3,"stat.useItem.minecraft.stone_slab2":39,"stat.pickup.minecraft.iron_boots":282,"stat.useItem.minecraft.jungle_boat":1,"stat.craftItem.minecraft.furnace":2,"stat.useItem.minecraft.egg":5,"stat.craftItem.minecraft.iron_boots":2,"stat.craftItem.minecraft.stone_pickaxe":4,"stat.mineBlock.howlingmoon.ore_silver":2,"stat.pickup.minecraft.cobblestone":399,"stat.pickup.minecraft.record_chirp":1,"stat.pickup.vampirism.armor_of_swiftness_head":2,"stat.mineBlock.minecraft.redstone_block":2,"stat.pickup.vampirism.item_tent":1,"stat.flyOneCm":1052410,"stat.pickup.minecraft.glass_bottle":2,"stat.drop.minecraft.wheat_seeds":3,"stat.pickup.dawnoftimebuilder.o_yoroi_armor_feet":3,"stat.pickup.minecraft.redstone":449,"stat.mineBlock.minecraft.iron_ore":172,"stat.timeSinceDeath":85523,"stat.drop.minecraft.spider_eye":3,"stat.pickup.minecraft.mutton":81,"stat.craftItem.minecraft.iron_block":4,"stat.drop.dawnoftimebuilder.o_yoroi_armor_legs":3,"stat.pickup.minecraft.stonebrick":4,"stat.pickup.minecraft.redstone_lamp":1,"stat.drop.minecraft.dirt":1,"stat.pickup.minecraft.iron_shovel":1,"stat.mineBlock.minecraft.coal_ore":226,"stat.drop.minecraft.wool":19,"stat.pickup.dawnoftimebuilder.o_yoroi_armor_head":3,"stat.killEntity.Creeper":6,"stat.pickup.minecraft.shield":4,"stat.useItem.minecraft.armor_stand":1,"stat.talkedToVillager":8,"stat.pickup.howlingmoon.hunter_banner":1,"stat.pickup.minecraft.wooden_sword":1,"stat.drop.minecraft.spawn_egg":1,"stat.pickup.minecraft.string":21,"stat.entityKilledBy.Skeleton":2,"stat.sprintOneCm":871741,"stat.pickup.vampirism.vampire_blood_bottle":19,"stat.craftItem.minecraft.stick":120,"stat.craftItem.minecraft.wooden_axe":2,"stat.mineBlock.minecraft.diamond_ore":2,"stat.mineBlock.minecraft.crafting_table":2,"stat.mineBlock.minecraft.quartz_block":7,"stat.useItem.minecraft.carrot":11,"stat.pickup.minecraft.leather_leggings":2,"stat.pickup.dawnoftimebuilder.tachi_sword":1,"stat.craftItem.dawnoftimebuilder.o_yoroi_armor_legs":2,"stat.mineBlock.minecraft.planks":5,"stat.drop":1239,"stat.useItem.minecraft.wooden_sword":11,"stat.killEntity.Sheep":59,"stat.drop.minecraft.iron_boots":281,"stat.pickup.minecraft.golden_chestplate":1,"stat.killEntity.Zombie":73,"stat.mineBlock.minecraft.gold_ore":28,"stat.diveOneCm":35595,"stat.drop.vampirism.hunter_coat_chest":280,"stat.pickup.minecraft.gravel":5,"stat.craftItem.minecraft.cooked_porkchop":26,"stat.pickup.minecraft.stone_axe":2,"stat.pickup.vampirism.hunter_coat_chest":283,"stat.drop.minecraft.chainmail_helmet":1,"stat.useItem.minecraft.potion":7,"stat.pickup.minecraft.stone_brick_stairs":566,"stat.jump":3200,"stat.pickup.minecraft.coal":389,"stat.pickup.minecraft.iron_ingot":10,"stat.useItem.minecraft.stone_axe":11,"stat.pickup.minecraft.gunpowder":4,"stat.pickup.minecraft.spider_eye":6,"stat.craftItem.minecraft.torch":216,"stat.pickup.minecraft.dirt":17,"stat.pickup.minecraft.iron_ore":289,"stat.mineBlock.mca.rose_gold_ore":22,"stat.boatOneCm":232005,"stat.mineBlock.minecraft.iron_bars":19,"stat.pickup.minecraft.gold_ore":46,"stat.mineBlock.minecraft.lapis_ore":12,"stat.pickup.minecraft.iron_axe":2,"stat.brewingstandInteraction":1,"stat.damageTaken":5798,"stat.pickup.minecraft.leather":18,"stat.useItem.dawnoftimebuilder.tachi_sword":78,"stat.mineBlock.minecraft.furnace":2,"stat.mineBlock.minecraft.melon_block":4,"stat.mineBlock.minecraft.torch":2,"stat.mineBlock.minecraft.red_flower":1,"stat.useItem.minecraft.wooden_pickaxe":48,"stat.pickup.minecraft.reeds":9,"stat.entityKilledBy.ZombieVillager":2,"stat.pickup.minecraft.quartz_block":4,"stat.pickup.minecraft.potato":2,"stat.drop.dawnoftimebuilder.o_yoroi_armor_chest":2,"stat.entityKilledBy.Zombie":2,"stat.drop.howlingmoon.hunter_banner":1,"stat.damageDealt":37674,"stat.craftItem.minecraft.glass":13,"stat.sleepInBed":6,"stat.craftItem.minecraft.anvil":1,"stat.killEntity.Cow":9,"stat.killEntity.Pig":25,"stat.craftItem.minecraft.iron_sword":2,"stat.walkOneCm":1082074,"stat.useItem.minecraft.chest":1,"stat.playerKills":1,"stat.pickup.minecraft.stick":19,"stat.useItem.minecraft.melon":20,"stat.pickup.minecraft.stone":28,"stat.pickup.minecraft.ender_pearl":1,"stat.drop.minecraft.egg":1,"stat.killEntity.Skeleton":29,"stat.mineBlock.minecraft.stonebrick":2,"stat.killEntity.Chicken":3,"stat.killEntity.Spider":15,"stat.mobKills":254,"stat.mineBlock.minecraft.bookshelf":1,"stat.useItem.minecraft.boat":1,"stat.pickup.minecraft.diamond":4,"stat.mineBlock.minecraft.leaves":25,"stat.pickup.minecraft.torch":159,"stat.pickup.minecraft.spruce_stairs":1,"stat.mineBlock.minecraft.redstone_ore":69,"stat.craftItem.minecraft.coal_block":12,"stat.drop.minecraft.arrow":7,"stat.pickup.minecraft.jungle_boat":2,"stat.mineBlock.minecraft.stone":177,"stat.craftItem.vampirism.injection":4}